ID,center_x,center_y,jinkou
0,1440.0,1316.0,63
1,1440.0,1315.5,2
2,1440.5,1315.5,394
3,1440.5,1315.0,98
4,1441.0,1315.5,314
5,1441.5,1315.5,4
6,1441.0,1315.0,423
7,1441.5,1315.0,185
8,1440.0,1314.5,43
9,1440.0,1314.0,24
10,1441.0,1314.5,80
11,1441.5,1314.5,274
12,1441.0,1314.0,5
13,1441.5,1314.0,151
14,1442.0,1314.0,119
15,1440.0,1313.5,2
16,1441.0,1313.5,9
17,1441.5,1313.5,34
18,1442.0,1313.5,175
19,1442.5,1313.5,112
20,1443.0,1313.5,26
21,1443.0,1313.0,128
22,1443.5,1313.0,110
23,1444.0,1313.0,6
24,1444.5,1313.0,4
25,1445.5,1313.0,2
26,1440.5,1312.5,4
27,1440.0,1312.0,21
28,1441.0,1312.5,3
29,1443.5,1312.5,37
30,1443.5,1312.0,11
31,1444.0,1312.5,125
32,1444.5,1312.5,608
33,1444.0,1312.0,53
34,1444.5,1312.0,22
35,1445.0,1312.5,344
36,1445.5,1312.5,212
37,1445.0,1312.0,53
38,1445.5,1312.0,19
39,1446.0,1312.0,140
40,1443.0,1311.5,5
41,1443.5,1311.5,64
42,1443.0,1311.0,7
43,1443.5,1311.0,24
44,1444.0,1311.5,17
45,1444.5,1311.0,37
46,1445.0,1311.5,26
47,1445.5,1311.5,17
48,1445.0,1311.0,8
49,1446.0,1311.5,41
50,1446.5,1311.5,21
51,1446.5,1311.0,199
52,1447.0,1311.0,24
53,1440.0,1310.0,6
54,1440.5,1310.0,9
55,1443.5,1310.5,26
56,1443.0,1310.0,2
57,1443.5,1310.0,19
58,1444.0,1310.5,4
59,1447.0,1310.5,7
60,1447.5,1310.5,142
61,1447.5,1310.0,509
62,1448.0,1310.5,214
63,1448.0,1310.0,2
64,1440.0,1309.5,4
65,1440.5,1309.5,23
66,1440.0,1309.0,8
67,1440.5,1309.0,15
68,1441.0,1309.5,17
69,1441.5,1309.5,15
70,1442.0,1309.5,26
71,1442.5,1309.5,24
72,1442.0,1309.0,49
73,1442.5,1309.0,20
74,1443.0,1309.0,38
75,1444.0,1309.0,20
76,1444.5,1309.0,28
77,1445.0,1309.5,3
78,1445.5,1309.5,3
79,1445.0,1309.0,116
80,1445.5,1309.0,68
81,1446.0,1309.5,32
82,1446.5,1309.5,21
83,1446.0,1309.0,72
84,1446.5,1309.0,128
85,1447.5,1309.5,118
86,1447.0,1309.0,312
87,1447.5,1309.0,76
88,1448.0,1309.0,54
89,1440.5,1308.5,20
90,1440.0,1308.0,5
91,1440.5,1308.0,18
92,1441.5,1308.5,12
93,1441.0,1308.0,21
94,1442.0,1308.5,4
95,1442.0,1308.0,10
96,1442.5,1308.0,9
97,1443.0,1308.5,19
98,1443.0,1308.0,26
99,1443.5,1308.0,20
100,1444.0,1308.5,128
101,1444.5,1308.5,47
102,1444.0,1308.0,45
103,1444.5,1308.0,4
104,1445.0,1308.5,73
105,1445.5,1308.5,16
106,1445.0,1308.0,49
107,1445.5,1308.0,50
108,1446.0,1308.5,3
109,1446.5,1308.5,156
110,1446.0,1308.0,27
111,1446.5,1308.0,41
112,1447.0,1308.5,1
113,1447.5,1308.5,78
114,1447.0,1308.0,148
115,1447.5,1308.0,363
116,1448.0,1308.5,808
117,1448.5,1308.5,54
118,1448.0,1308.0,739
119,1448.5,1308.0,5
120,1440.5,1307.5,16
121,1440.0,1307.0,6
122,1440.5,1307.0,17
123,1441.0,1307.5,24
124,1441.5,1307.5,17
125,1441.0,1307.0,7
126,1441.5,1307.0,9
127,1442.0,1307.5,15
128,1442.5,1307.5,3
129,1442.0,1307.0,3
130,1443.0,1307.5,11
131,1443.5,1307.5,8
132,1443.0,1307.0,9
133,1443.5,1307.0,9
134,1444.0,1307.5,26
135,1444.0,1307.0,3
136,1445.5,1307.0,58
137,1446.0,1307.5,25
138,1446.5,1307.5,51
139,1446.0,1307.0,116
140,1446.5,1307.0,423
141,1447.0,1307.5,147
142,1447.5,1307.5,245
143,1447.0,1307.0,29
144,1447.5,1307.0,325
145,1448.0,1307.5,939
146,1448.5,1307.5,7
147,1448.0,1307.0,987
148,1448.5,1307.0,110
149,1440.0,1306.5,12
150,1440.5,1306.5,10
151,1440.0,1306.0,3
152,1440.5,1306.0,8
153,1442.0,1306.0,2
154,1443.0,1306.0,13
155,1444.5,1306.5,61
156,1444.0,1306.0,2
157,1445.0,1306.5,32
158,1445.5,1306.5,101
159,1445.0,1306.0,86
160,1445.5,1306.0,36
161,1446.0,1306.5,30
162,1446.5,1306.5,176
163,1446.0,1306.0,102
164,1446.5,1306.0,49
165,1447.0,1306.5,211
166,1447.5,1306.5,459
167,1447.0,1306.0,103
168,1447.5,1306.0,245
169,1448.0,1306.5,336
170,1448.5,1306.5,366
171,1448.0,1306.0,32
172,1448.5,1306.0,763
173,1449.0,1306.5,41
174,1449.0,1306.0,243
175,1440.5,1305.5,14
176,1440.0,1305.0,33
177,1440.5,1305.0,25
178,1441.0,1305.5,8
179,1441.5,1305.5,10
180,1441.0,1305.0,38
181,1441.5,1305.0,55
182,1442.0,1305.5,8
183,1442.5,1305.5,41
184,1442.0,1305.0,46
185,1442.5,1305.0,54
186,1443.0,1305.5,49
187,1443.5,1305.5,25
188,1443.0,1305.0,101
189,1443.5,1305.0,29
190,1444.0,1305.5,52
191,1444.5,1305.5,49
192,1444.0,1305.0,27
193,1444.5,1305.0,77
194,1445.0,1305.5,60
195,1445.5,1305.5,171
196,1445.0,1305.0,271
197,1445.5,1305.0,111
198,1446.0,1305.5,56
199,1446.5,1305.5,206
200,1446.0,1305.0,67
201,1446.5,1305.0,247
202,1447.0,1305.5,244
203,1447.5,1305.5,156
204,1447.0,1305.0,268
205,1447.5,1305.0,286
206,1448.0,1305.5,72
207,1448.5,1305.5,856
208,1448.0,1305.0,236
209,1448.5,1305.0,605
210,1449.0,1305.5,604
211,1449.5,1305.5,526
212,1449.0,1305.0,537
213,1449.5,1305.0,634
214,1440.0,1304.5,30
215,1440.5,1304.5,15
216,1440.0,1304.0,59
217,1440.5,1304.0,127
218,1441.0,1304.5,10
219,1441.5,1304.5,73
220,1441.0,1304.0,101
221,1441.5,1304.0,114
222,1442.0,1304.5,57
223,1442.5,1304.5,139
224,1442.0,1304.0,66
225,1442.5,1304.0,166
226,1443.0,1304.5,86
227,1443.5,1304.5,84
228,1443.0,1304.0,150
229,1443.5,1304.0,14
230,1444.0,1304.5,138
231,1444.5,1304.5,147
232,1444.0,1304.0,108
233,1444.5,1304.0,38
234,1445.0,1304.5,117
235,1445.5,1304.5,111
236,1445.0,1304.0,78
237,1445.5,1304.0,50
238,1446.0,1304.5,64
239,1446.5,1304.5,37
240,1446.0,1304.0,17
241,1446.5,1304.0,14
242,1447.0,1304.5,167
243,1447.5,1304.5,143
244,1447.0,1304.0,33
245,1447.5,1304.0,22
246,1448.0,1304.5,61
247,1448.5,1304.5,32
248,1448.0,1304.0,161
249,1448.5,1304.0,50
250,1449.0,1304.5,121
251,1449.5,1304.5,105
252,1449.0,1304.0,40
253,1440.0,1303.5,211
254,1440.5,1303.5,36
255,1440.0,1303.0,54
256,1440.5,1303.0,33
257,1441.0,1303.5,38
258,1441.5,1303.5,17
259,1441.0,1303.0,46
260,1441.5,1303.0,69
261,1442.0,1303.5,12
262,1442.5,1303.5,57
263,1442.0,1303.0,21
264,1442.5,1303.0,33
265,1443.0,1303.5,79
266,1443.5,1303.5,55
267,1443.0,1303.0,42
268,1443.5,1303.0,17
269,1444.0,1303.5,57
270,1444.5,1303.5,48
271,1444.0,1303.0,16
272,1444.5,1303.0,5
273,1445.0,1303.5,38
274,1445.5,1303.5,48
275,1445.0,1303.0,7
276,1445.5,1303.0,31
277,1446.0,1303.5,56
278,1446.5,1303.5,11
279,1447.0,1303.5,13
280,1447.5,1303.5,101
281,1447.5,1303.0,45
282,1448.0,1303.5,23
283,1448.0,1303.0,17
284,1440.0,1302.5,24
285,1440.5,1302.5,16
286,1440.0,1302.0,14
287,1440.5,1302.0,7
288,1441.0,1302.5,21
289,1441.5,1302.5,20
290,1441.0,1302.0,5
291,1442.0,1302.5,25
292,1442.5,1302.5,4
293,1444.0,1302.5,25
294,1445.5,1302.5,20
295,1445.5,1302.0,42
296,1448.0,1302.5,12
297,1445.5,1301.5,24
298,1448.5,1301.5,1
299,1455.5,1306.0,7
300,1457.0,1306.0,4
301,1450.0,1305.5,20
302,1450.5,1305.5,2
303,1450.0,1305.0,689
304,1450.5,1305.0,195
305,1451.0,1305.5,274
306,1451.5,1305.5,574
307,1451.0,1305.0,143
308,1451.5,1305.0,133
309,1452.0,1305.5,107
310,1452.0,1305.0,650
311,1452.5,1305.0,679
312,1453.0,1305.0,285
313,1453.5,1305.0,196
314,1454.0,1305.5,9
315,1454.0,1305.0,72
316,1454.5,1305.0,34
317,1455.5,1305.5,177
318,1455.0,1305.0,2
319,1455.5,1305.0,458
320,1456.0,1305.5,61
321,1456.0,1305.0,215
322,1457.0,1305.5,8
323,1457.5,1305.5,130
324,1457.0,1305.0,35
325,1457.5,1305.0,28
326,1458.0,1305.5,6
327,1458.0,1305.0,55
328,1458.5,1305.0,297
329,1450.0,1304.5,1
330,1450.5,1304.0,1
331,1451.5,1304.5,25
332,1451.5,1304.0,24
333,1452.0,1304.5,397
334,1452.5,1304.5,65
335,1452.0,1304.0,185
336,1453.0,1304.5,222
337,1453.5,1304.5,142
338,1453.5,1304.0,7
339,1454.5,1304.5,24
340,1455.0,1304.5,240
341,1455.5,1304.5,414
342,1455.0,1304.0,193
343,1455.5,1304.0,90
344,1456.5,1304.5,3
345,1457.0,1304.0,25
346,1457.5,1304.0,20
347,1458.5,1304.5,29
348,1458.0,1304.0,39
349,1458.5,1304.0,38
350,1459.0,1304.5,9
351,1459.0,1304.0,54
352,1459.5,1304.0,98
353,1450.0,1303.5,8
354,1450.0,1303.0,1
355,1452.0,1303.5,17
356,1452.0,1303.0,31
357,1453.5,1303.5,2
358,1455.0,1303.5,58
359,1455.5,1303.5,3
360,1455.0,1303.0,13
361,1455.5,1303.0,20
362,1457.0,1303.5,16
363,1457.5,1303.5,31
364,1457.0,1303.0,21
365,1457.5,1303.0,8
366,1458.0,1303.5,149
367,1458.5,1303.5,151
368,1458.0,1303.0,33
369,1459.0,1303.5,14
370,1459.5,1303.5,566
371,1459.0,1303.0,28
372,1459.5,1303.0,117
373,1455.5,1302.5,56
374,1455.5,1302.0,7
375,1457.0,1302.5,7
376,1457.5,1302.5,3
377,1457.0,1302.0,4
378,1457.5,1302.0,34
379,1458.0,1302.0,32
380,1458.5,1302.0,21
381,1459.0,1302.0,36
382,1459.5,1302.0,21
383,1451.5,1301.0,5
384,1452.0,1301.0,5
385,1457.0,1301.0,6
386,1457.5,1301.0,8
387,1458.0,1301.5,16
388,1458.5,1301.5,113
389,1458.0,1301.0,56
390,1458.5,1301.0,24
391,1459.0,1301.5,38
392,1459.5,1301.5,81
393,1459.0,1301.0,36
394,1459.5,1301.0,33
395,1451.5,1300.5,41
396,1452.0,1300.5,19
397,1456.5,1300.5,25
398,1456.5,1300.0,72
399,1457.0,1300.5,44
400,1457.5,1300.5,36
401,1457.0,1300.0,13
402,1458.0,1300.5,48
403,1458.5,1300.5,10
404,1458.0,1300.0,50
405,1458.5,1300.0,25
406,1459.5,1300.5,64
407,1459.5,1300.0,19
408,1460.0,1303.5,497
409,1460.5,1303.5,4
410,1460.0,1303.0,109
411,1460.5,1303.0,233
412,1461.0,1303.5,63
413,1461.5,1303.5,7
414,1461.0,1303.0,109
415,1461.5,1303.0,242
416,1462.0,1303.5,101
417,1462.5,1303.5,49
418,1462.0,1303.0,309
419,1462.5,1303.0,151
420,1463.0,1303.0,75
421,1464.5,1303.0,4
422,1465.0,1303.0,10
423,1465.5,1303.0,59
424,1460.5,1302.5,21
425,1460.0,1302.0,5
426,1461.0,1302.5,3
427,1461.5,1302.5,17
428,1461.5,1302.0,34
429,1462.0,1302.5,47
430,1462.5,1302.5,8
431,1462.0,1302.0,15
432,1462.5,1302.0,4
433,1463.0,1302.5,248
434,1463.5,1302.5,2
435,1463.0,1302.0,285
436,1463.5,1302.0,107
437,1464.5,1302.5,8
438,1464.5,1302.0,158
439,1465.0,1302.5,396
440,1465.5,1302.5,335
441,1465.0,1302.0,1473
442,1465.5,1302.0,580
443,1466.0,1302.5,50
444,1466.0,1302.0,226
445,1460.0,1301.5,63
446,1460.0,1301.0,143
447,1460.5,1301.0,42
448,1461.0,1301.5,79
449,1461.5,1301.5,52
450,1461.0,1301.0,47
451,1461.5,1301.0,6
452,1462.0,1301.5,71
453,1462.5,1301.5,33
454,1462.0,1301.0,21
455,1462.5,1301.0,3
456,1463.5,1301.5,328
457,1463.5,1301.0,41
458,1464.0,1301.5,237
459,1464.5,1301.5,474
460,1464.0,1301.0,64
461,1464.5,1301.0,5
462,1465.0,1301.5,619
463,1465.5,1301.5,692
464,1465.0,1301.0,1049
465,1465.5,1301.0,395
466,1466.0,1301.5,290
467,1466.0,1301.0,382
468,1466.5,1301.0,65
469,1460.0,1300.5,80
470,1460.5,1300.5,48
471,1460.5,1300.0,7
472,1461.0,1300.5,44
473,1461.5,1300.5,1
474,1461.0,1300.0,69
475,1461.5,1300.0,10
476,1462.5,1300.5,4
477,1462.0,1300.0,30
478,1462.5,1300.0,16
479,1463.5,1300.5,22
480,1464.0,1300.5,26
481,1464.5,1300.5,243
482,1464.0,1300.0,43
483,1464.5,1300.0,168
484,1465.0,1300.5,529
485,1465.5,1300.5,242
486,1466.0,1300.5,40
487,1466.5,1300.5,88
488,1466.0,1300.0,164
489,1466.5,1300.0,312
490,1444.0,1299.0,31
491,1444.5,1299.0,16
492,1440.0,1298.5,8
493,1440.5,1298.5,46
494,1440.0,1298.0,4
495,1440.5,1298.0,198
496,1441.0,1298.0,6
497,1444.0,1298.5,4
498,1444.5,1298.0,9
499,1440.5,1297.0,29
500,1441.0,1297.5,6
501,1441.5,1297.5,7
502,1441.0,1297.0,17
503,1441.5,1297.0,6
504,1442.5,1297.0,10
505,1444.5,1297.5,9
506,1444.5,1297.0,4
507,1445.0,1297.0,34
508,1446.0,1297.5,12
509,1441.0,1296.5,49
510,1441.0,1296.0,17
511,1441.5,1296.0,52
512,1442.5,1296.5,2
513,1442.5,1296.0,4
514,1443.0,1296.5,1
515,1443.0,1296.0,12
516,1444.5,1296.5,5
517,1445.0,1296.5,6
518,1445.5,1296.5,10
519,1441.5,1295.5,39
520,1441.0,1295.0,16
521,1441.5,1295.0,18
522,1442.0,1295.5,3
523,1442.5,1295.5,3
524,1442.5,1295.0,9
525,1443.0,1295.5,9
526,1443.0,1295.0,12
527,1445.5,1295.5,3
528,1445.0,1295.0,5
529,1445.5,1295.0,60
530,1441.0,1294.5,37
531,1441.5,1294.5,24
532,1441.0,1294.0,15
533,1441.5,1294.0,18
534,1442.0,1294.5,33
535,1442.5,1294.5,8
536,1442.0,1294.0,67
537,1442.5,1294.0,14
538,1443.0,1294.5,4
539,1445.0,1294.5,13
540,1445.5,1294.5,5
541,1445.5,1294.0,24
542,1449.5,1294.5,3
543,1449.5,1294.0,1
544,1441.5,1293.5,89
545,1441.0,1293.0,15
546,1441.5,1293.0,12
547,1442.0,1293.5,103
548,1445.5,1293.5,12
549,1445.5,1293.0,29
550,1446.0,1293.5,3
551,1446.0,1293.0,20
552,1447.0,1293.0,16
553,1447.5,1293.0,48
554,1448.0,1293.0,12
555,1449.5,1293.5,1
556,1449.0,1293.0,1
557,1440.0,1292.5,18
558,1440.5,1292.5,18
559,1440.0,1292.0,56
560,1440.5,1292.0,23
561,1441.0,1292.5,60
562,1441.5,1292.5,8
563,1441.0,1292.0,20
564,1445.5,1292.5,63
565,1445.0,1292.0,4
566,1445.5,1292.0,8
567,1446.0,1292.5,66
568,1446.5,1292.5,41
569,1446.0,1292.0,62
570,1446.5,1292.0,142
571,1447.0,1292.5,15
572,1447.5,1292.5,67
573,1447.0,1292.0,153
574,1447.5,1292.0,70
575,1448.0,1292.5,40
576,1448.5,1292.5,89
577,1448.0,1292.0,65
578,1448.5,1292.0,54
579,1449.0,1292.5,72
580,1449.5,1292.5,16
581,1449.0,1292.0,44
582,1449.5,1292.0,117
583,1440.0,1291.5,71
584,1440.0,1291.0,25
585,1445.0,1291.0,48
586,1445.5,1291.0,24
587,1446.0,1291.5,5
588,1446.5,1291.5,47
589,1446.0,1291.0,51
590,1446.5,1291.0,56
591,1447.0,1291.5,92
592,1447.5,1291.5,77
593,1440.0,1290.5,16
594,1440.0,1290.0,35
595,1443.5,1290.0,14
596,1444.0,1290.5,36
597,1444.5,1290.5,47
598,1444.0,1290.0,29
599,1444.5,1290.0,65
600,1445.0,1290.5,96
601,1445.5,1290.5,22
602,1445.0,1290.0,83
603,1445.5,1290.0,106
604,1446.0,1290.5,92
605,1446.5,1290.5,83
606,1446.0,1290.0,36
607,1450.5,1299.0,46
608,1451.0,1299.0,4
609,1453.0,1299.0,3
610,1456.5,1299.5,5
611,1457.5,1299.5,2
612,1458.0,1299.5,45
613,1458.5,1299.5,22
614,1458.0,1299.0,21
615,1459.5,1299.5,19
616,1450.5,1298.5,18
617,1450.5,1298.0,1
618,1454.5,1298.5,1
619,1455.0,1298.5,20
620,1455.0,1298.0,8
621,1455.5,1298.0,17
622,1459.5,1298.5,10
623,1459.5,1298.0,2
624,1450.5,1297.5,16
625,1451.0,1297.0,3
626,1455.5,1297.5,23
627,1455.5,1297.0,14
628,1451.0,1296.5,16
629,1453.0,1296.5,5
630,1455.5,1296.5,6
631,1455.5,1296.0,3
632,1458.5,1296.0,13
633,1452.0,1295.0,2
634,1457.0,1295.5,5
635,1457.5,1295.5,23
636,1457.0,1295.0,2
637,1457.5,1295.0,4
638,1458.5,1295.5,28
639,1458.0,1295.0,39
640,1459.0,1295.0,5
641,1451.5,1294.0,4
642,1452.0,1294.5,17
643,1452.0,1294.0,1
644,1454.0,1294.5,3
645,1454.5,1294.5,15
646,1454.0,1294.0,5
647,1454.5,1294.0,82
648,1455.0,1294.5,8
649,1455.5,1294.0,17
650,1457.0,1294.5,11
651,1457.0,1294.0,22
652,1457.5,1294.0,14
653,1458.0,1294.5,20
654,1458.0,1294.0,19
655,1450.5,1293.5,59
656,1450.0,1293.0,13
657,1450.5,1293.0,56
658,1451.0,1293.5,9
659,1451.5,1293.5,5
660,1451.5,1293.0,8
661,1452.5,1293.5,19
662,1453.0,1293.0,5
663,1454.0,1293.5,40
664,1454.5,1293.5,19
665,1456.5,1293.5,7
666,1456.5,1293.0,18
667,1457.0,1293.5,24
668,1458.0,1293.5,25
669,1458.0,1293.0,22
670,1458.5,1293.0,7
671,1450.0,1292.5,43
672,1450.0,1292.0,3
673,1452.0,1292.0,68
674,1452.5,1292.0,38
675,1453.5,1292.5,2
676,1453.5,1292.0,28
677,1454.0,1292.5,89
678,1454.0,1292.0,35
679,1456.0,1292.5,12
680,1456.5,1292.5,28
681,1456.0,1292.0,2
682,1456.5,1292.0,12
683,1457.5,1292.5,4
684,1457.5,1292.0,36
685,1458.0,1292.5,26
686,1459.5,1292.0,24
687,1453.0,1291.5,38
688,1453.5,1291.5,67
689,1453.0,1291.0,38
690,1453.5,1291.0,31
691,1454.5,1291.5,41
692,1455.0,1291.5,16
693,1455.0,1291.0,1
694,1456.0,1291.5,48
695,1456.5,1291.5,6
696,1456.0,1291.0,40
697,1456.5,1291.0,10
698,1457.5,1291.5,2
699,1457.5,1291.0,10
700,1458.0,1291.5,42
701,1458.0,1291.0,12
702,1458.5,1291.0,71
703,1459.5,1291.5,8
704,1459.0,1291.0,90
705,1459.5,1291.0,53
706,1452.0,1290.0,28
707,1452.5,1290.0,39
708,1453.0,1290.5,27
709,1453.5,1290.5,113
710,1453.0,1290.0,75
711,1453.5,1290.0,8
712,1454.0,1290.5,4
713,1455.0,1290.5,7
714,1455.5,1290.0,46
715,1456.0,1290.5,19
716,1456.5,1290.5,13
717,1456.0,1290.0,55
718,1456.5,1290.0,40
719,1457.5,1290.5,7
720,1457.0,1290.0,26
721,1457.5,1290.0,26
722,1458.0,1290.5,28
723,1458.5,1290.5,83
724,1458.0,1290.0,106
725,1458.5,1290.0,26
726,1459.0,1290.5,38
727,1459.5,1290.5,111
728,1459.5,1290.0,43
729,1460.5,1299.5,16
730,1460.0,1299.0,16
731,1460.5,1299.0,16
732,1461.0,1299.5,64
733,1461.5,1299.5,60
734,1461.0,1299.0,51
735,1461.5,1299.0,13
736,1462.0,1299.5,15
737,1463.5,1299.0,54
738,1464.0,1299.5,180
739,1464.5,1299.5,31
740,1464.0,1299.0,85
741,1464.5,1299.0,29
742,1465.5,1299.5,9
743,1466.0,1299.5,118
744,1466.5,1299.5,177
745,1467.0,1299.5,3
746,1467.0,1299.0,14
747,1467.5,1299.0,1
748,1460.0,1298.5,8
749,1460.5,1298.5,14
750,1460.5,1298.0,34
751,1461.0,1298.5,11
752,1461.0,1298.0,20
753,1462.0,1298.0,18
754,1463.5,1298.5,44
755,1463.0,1298.0,9
756,1463.5,1298.0,89
757,1464.0,1298.5,60
758,1464.0,1298.0,2
759,1466.0,1298.0,22
760,1466.5,1298.0,41
761,1467.0,1298.5,14
762,1467.5,1298.5,151
763,1467.0,1298.0,263
764,1467.5,1298.0,393
765,1468.0,1298.0,121
766,1468.5,1298.0,42
767,1469.0,1298.0,546
768,1469.5,1298.0,29
769,1460.5,1297.5,70
770,1460.5,1297.0,30
771,1461.0,1297.5,21
772,1461.5,1297.5,46
773,1461.0,1297.0,30
774,1461.5,1297.0,43
775,1462.0,1297.5,51
776,1462.5,1297.5,20
777,1462.0,1297.0,39
778,1463.0,1297.5,94
779,1463.5,1297.5,62
780,1463.0,1297.0,86
781,1463.5,1297.0,49
782,1465.5,1297.0,11
783,1466.0,1297.5,37
784,1466.5,1297.5,101
785,1466.0,1297.0,16
786,1466.5,1297.0,70
787,1467.0,1297.5,225
788,1467.5,1297.5,133
789,1467.0,1297.0,177
790,1467.5,1297.0,149
791,1468.0,1297.5,671
792,1468.5,1297.5,539
793,1468.0,1297.0,289
794,1468.5,1297.0,656
795,1469.0,1297.5,688
796,1469.0,1297.0,127
797,1461.0,1296.5,25
798,1461.5,1296.5,15
799,1461.5,1296.0,68
800,1462.0,1296.5,43
801,1462.5,1296.5,42
802,1462.0,1296.0,50
803,1462.5,1296.0,77
804,1463.0,1296.5,85
805,1463.5,1296.5,13
806,1463.0,1296.0,222
807,1463.5,1296.0,15
808,1465.5,1296.5,51
809,1465.5,1296.0,25
810,1466.0,1296.5,25
811,1466.0,1296.0,91
812,1467.0,1296.5,153
813,1467.5,1296.5,49
814,1467.0,1296.0,39
815,1467.5,1296.0,12
816,1468.0,1296.5,103
817,1468.5,1296.5,503
818,1468.0,1296.0,1
819,1468.5,1296.0,182
820,1469.0,1296.5,69
821,1469.5,1296.0,6
822,1461.0,1295.5,1
823,1461.5,1295.5,64
824,1461.0,1295.0,39
825,1461.5,1295.0,253
826,1462.0,1295.5,71
827,1462.5,1295.5,8
828,1462.0,1295.0,46
829,1462.5,1295.0,47
830,1463.0,1295.5,21
831,1463.5,1295.5,1
832,1464.0,1295.0,1
833,1465.5,1295.0,7
834,1466.0,1295.5,84
835,1466.5,1295.5,44
836,1466.5,1295.0,57
837,1467.0,1295.5,2
838,1467.5,1295.5,46
839,1467.0,1295.0,26
840,1467.5,1295.0,16
841,1468.0,1295.5,8
842,1468.5,1295.5,73
843,1468.0,1295.0,62
844,1468.5,1295.0,31
845,1469.0,1295.5,86
846,1469.5,1295.5,62
847,1469.0,1295.0,77
848,1469.5,1295.0,21
849,1460.5,1294.0,24
850,1461.0,1294.5,44
851,1461.5,1294.5,71
852,1461.0,1294.0,105
853,1461.5,1294.0,53
854,1462.0,1294.5,30
855,1462.5,1294.5,4
856,1464.5,1294.0,9
857,1465.5,1294.5,37
858,1465.5,1294.0,4
859,1466.0,1294.5,34
860,1466.5,1294.5,62
861,1466.0,1294.0,20
862,1466.5,1294.0,41
863,1467.0,1294.5,67
864,1467.5,1294.5,27
865,1467.0,1294.0,94
866,1467.5,1294.0,116
867,1468.0,1294.5,9
868,1468.0,1294.0,10
869,1469.0,1294.5,112
870,1469.5,1294.5,87
871,1469.0,1294.0,69
872,1469.5,1294.0,60
873,1460.5,1293.5,49
874,1460.5,1293.0,15
875,1461.0,1293.5,79
876,1461.5,1293.5,4
877,1461.0,1293.0,77
878,1462.5,1293.5,18
879,1462.5,1293.0,47
880,1463.0,1293.5,44
881,1463.5,1293.5,8
882,1463.0,1293.0,15
883,1463.5,1293.0,13
884,1464.0,1293.5,7
885,1464.5,1293.5,11
886,1464.0,1293.0,7
887,1464.5,1293.0,2
888,1466.5,1293.5,12
889,1467.0,1293.5,56
890,1467.5,1293.5,124
891,1467.0,1293.0,16
892,1467.5,1293.0,35
893,1468.5,1293.5,10
894,1468.0,1293.0,39
895,1468.5,1293.0,44
896,1469.5,1293.5,13
897,1469.0,1293.0,4
898,1469.5,1293.0,8
899,1460.0,1292.5,8
900,1460.5,1292.5,30
901,1460.0,1292.0,32
902,1460.5,1292.0,18
903,1461.0,1292.5,84
904,1461.5,1292.5,66
905,1461.0,1292.0,5
906,1461.5,1292.0,28
907,1462.0,1292.5,106
908,1462.5,1292.5,26
909,1462.0,1292.0,34
910,1465.5,1292.0,1
911,1466.0,1292.5,2
912,1466.0,1292.0,2
913,1467.0,1292.5,13
914,1467.5,1292.5,58
915,1467.0,1292.0,33
916,1467.5,1292.0,44
917,1468.0,1292.5,40
918,1468.5,1292.5,8
919,1468.0,1292.0,88
920,1469.5,1292.5,13
921,1469.5,1292.0,36
922,1460.0,1291.5,22
923,1460.5,1291.5,6
924,1460.0,1291.0,14
925,1464.5,1291.0,3
926,1465.0,1291.5,32
927,1465.0,1291.0,44
928,1467.5,1291.5,33
929,1467.5,1291.0,6
930,1468.0,1291.5,50
931,1468.5,1291.5,26
932,1468.0,1291.0,24
933,1468.5,1291.0,46
934,1469.0,1291.5,27
935,1469.5,1291.5,46
936,1469.0,1291.0,40
937,1469.5,1291.0,98
938,1460.0,1290.5,67
939,1460.5,1290.5,71
940,1460.0,1290.0,57
941,1460.5,1290.0,64
942,1461.0,1290.5,209
943,1462.5,1290.0,15
944,1463.0,1290.0,15
945,1463.5,1290.0,7
946,1464.5,1290.5,23
947,1464.5,1290.0,2
948,1465.0,1290.5,64
949,1465.0,1290.0,106
950,1465.5,1290.0,26
951,1466.5,1290.0,26
952,1467.0,1290.5,53
953,1467.5,1290.5,46
954,1467.0,1290.0,20
955,1467.5,1290.0,79
956,1468.0,1290.5,32
957,1468.0,1290.0,11
958,1469.0,1290.5,15
959,1469.5,1290.5,35
960,1469.0,1290.0,56
961,1469.5,1290.0,6
962,1470.0,1298.0,1
963,1470.0,1297.5,1
964,1470.0,1296.0,25
965,1470.5,1296.0,6
966,1470.0,1295.5,19
967,1470.0,1295.0,4
968,1470.5,1295.0,31
969,1471.0,1295.5,30
970,1471.0,1295.0,132
971,1470.0,1294.5,19
972,1470.5,1294.5,45
973,1470.0,1294.0,46
974,1470.5,1294.0,36
975,1471.0,1294.5,79
976,1471.0,1294.0,7
977,1470.0,1293.5,208
978,1470.5,1293.5,80
979,1470.0,1293.0,93
980,1470.5,1293.0,269
981,1471.0,1293.5,3
982,1471.5,1293.5,6
983,1471.0,1293.0,40
984,1471.5,1293.0,165
985,1470.0,1292.5,3
986,1470.5,1292.5,181
987,1470.5,1292.0,117
988,1471.0,1292.5,74
989,1471.5,1292.5,25
990,1471.0,1292.0,93
991,1471.5,1292.0,61
992,1470.5,1291.5,16
993,1470.0,1291.0,7
994,1470.5,1291.0,92
995,1471.0,1291.5,474
996,1471.5,1291.5,173
997,1471.0,1291.0,438
998,1471.5,1291.0,243
999,1472.0,1291.5,21
1000,1472.0,1291.0,44
1001,1470.0,1290.5,32
1002,1470.5,1290.5,279
1003,1470.0,1290.0,22
1004,1470.5,1290.0,527
1005,1471.0,1290.5,621
1006,1471.5,1290.5,144
1007,1471.0,1290.0,779
1008,1471.5,1290.0,665
1009,1472.0,1290.5,156
1010,1472.0,1290.0,285
1011,1472.5,1290.0,3
1012,1440.0,1289.5,16
1013,1440.0,1289.0,151
1014,1440.5,1289.0,33
1015,1443.0,1289.5,23
1016,1443.5,1289.5,60
1017,1443.0,1289.0,84
1018,1443.5,1289.0,101
1019,1444.0,1289.5,467
1020,1444.5,1289.5,215
1021,1444.0,1289.0,22
1022,1444.5,1289.0,202
1023,1445.0,1289.5,87
1024,1445.5,1289.5,6
1025,1445.0,1289.0,88
1026,1440.0,1288.5,31
1027,1440.5,1288.5,260
1028,1440.0,1288.0,5
1029,1443.0,1288.5,3
1030,1443.5,1288.5,40
1031,1444.0,1288.5,68
1032,1444.5,1288.5,25
1033,1444.0,1288.0,19
1034,1444.5,1288.0,14
1035,1445.0,1288.5,51
1036,1449.0,1288.0,16
1037,1440.0,1287.0,7
1038,1440.5,1287.0,18
1039,1443.0,1287.5,61
1040,1443.5,1287.5,18
1041,1443.5,1287.0,16
1042,1444.0,1287.5,65
1043,1444.5,1287.5,67
1044,1444.0,1287.0,92
1045,1444.5,1287.0,2
1046,1445.0,1287.5,84
1047,1445.0,1287.0,98
1048,1445.5,1287.0,48
1049,1447.0,1287.0,20
1050,1449.0,1287.5,16
1051,1449.5,1287.5,51
1052,1449.5,1287.0,2
1053,1440.5,1286.5,11
1054,1441.5,1286.5,9
1055,1441.5,1286.0,4
1056,1442.0,1286.5,22
1057,1442.5,1286.0,35
1058,1443.5,1286.5,23
1059,1443.0,1286.0,19
1060,1443.5,1286.0,28
1061,1444.0,1286.5,12
1062,1444.5,1286.5,30
1063,1444.0,1286.0,37
1064,1444.5,1286.0,3
1065,1445.0,1286.5,79
1066,1445.5,1286.5,97
1067,1445.0,1286.0,65
1068,1445.5,1286.0,26
1069,1446.5,1286.5,27
1070,1446.0,1286.0,93
1071,1446.5,1286.0,37
1072,1447.0,1286.5,76
1073,1447.5,1286.5,24
1074,1447.0,1286.0,21
1075,1447.5,1286.0,40
1076,1448.5,1286.0,25
1077,1449.5,1286.5,5
1078,1441.5,1285.0,4
1079,1442.0,1285.5,1
1080,1443.0,1285.5,2
1081,1443.5,1285.0,1
1082,1444.0,1285.5,4
1083,1444.5,1285.5,64
1084,1444.0,1285.0,69
1085,1444.5,1285.0,29
1086,1445.0,1285.5,89
1087,1445.5,1285.5,66
1088,1445.0,1285.0,82
1089,1445.5,1285.0,51
1090,1446.0,1285.5,43
1091,1446.5,1285.5,62
1092,1446.0,1285.0,35
1093,1446.5,1285.0,109
1094,1448.5,1285.5,15
1095,1448.5,1285.0,2
1096,1449.0,1285.0,1
1097,1449.5,1285.0,20
1098,1444.0,1284.5,1
1099,1444.0,1284.0,19
1100,1444.5,1284.0,31
1101,1445.0,1284.5,4
1102,1445.5,1284.5,56
1103,1445.0,1284.0,105
1104,1445.5,1284.0,145
1105,1446.0,1284.5,326
1106,1446.5,1284.5,10
1107,1446.0,1284.0,526
1108,1446.5,1284.0,91
1109,1447.0,1284.5,8
1110,1447.0,1284.0,10
1111,1448.5,1284.5,7
1112,1448.0,1284.0,60
1113,1448.5,1284.0,27
1114,1449.0,1284.5,11
1115,1449.5,1284.5,20
1116,1449.0,1284.0,32
1117,1440.0,1283.5,15
1118,1440.0,1283.0,5
1119,1441.5,1283.5,4
1120,1443.5,1283.0,19
1121,1444.0,1283.5,60
1122,1444.5,1283.5,89
1123,1444.0,1283.0,100
1124,1444.5,1283.0,87
1125,1445.0,1283.5,8
1126,1445.5,1283.5,41
1127,1445.0,1283.0,42
1128,1445.5,1283.0,177
1129,1446.0,1283.5,95
1130,1446.5,1283.5,16
1131,1447.0,1283.5,2
1132,1447.5,1283.0,110
1133,1448.0,1283.5,43
1134,1448.0,1283.0,3
1135,1440.0,1282.5,28
1136,1440.0,1282.0,14
1137,1440.5,1282.0,8
1138,1443.0,1282.5,5
1139,1443.5,1282.5,80
1140,1443.0,1282.0,51
1141,1443.5,1282.0,149
1142,1444.0,1282.5,74
1143,1444.5,1282.5,41
1144,1444.0,1282.0,39
1145,1444.5,1282.0,315
1146,1445.0,1282.5,147
1147,1445.5,1282.5,39
1148,1445.0,1282.0,89
1149,1445.5,1282.0,98
1150,1446.0,1282.5,58
1151,1447.0,1282.5,24
1152,1447.5,1282.5,44
1153,1447.0,1282.0,9
1154,1440.0,1281.5,38
1155,1440.5,1281.5,28
1156,1440.0,1281.0,36
1157,1442.5,1281.5,46
1158,1442.5,1281.0,83
1159,1443.0,1281.5,98
1160,1443.5,1281.5,60
1161,1443.0,1281.0,141
1162,1443.5,1281.0,106
1163,1444.0,1281.5,56
1164,1444.5,1281.5,196
1165,1444.0,1281.0,154
1166,1444.5,1281.0,99
1167,1445.0,1281.5,93
1168,1445.5,1281.5,8
1169,1445.0,1281.0,2
1170,1445.5,1281.0,23
1171,1446.5,1281.5,64
1172,1446.0,1281.0,121
1173,1446.5,1281.0,81
1174,1447.0,1281.5,88
1175,1447.0,1281.0,1
1176,1448.5,1281.5,19
1177,1449.0,1281.5,10
1178,1449.0,1281.0,99
1179,1449.5,1281.0,155
1180,1440.0,1280.5,10
1181,1440.5,1280.5,2
1182,1440.0,1280.0,58
1183,1440.5,1280.0,12
1184,1441.0,1280.5,34
1185,1441.5,1280.5,3
1186,1441.0,1280.0,20
1187,1442.0,1280.5,2
1188,1442.5,1280.5,76
1189,1442.0,1280.0,43
1190,1442.5,1280.0,59
1191,1443.0,1280.5,7
1192,1443.5,1280.5,53
1193,1443.0,1280.0,12
1194,1443.5,1280.0,57
1195,1444.0,1280.5,1
1196,1444.5,1280.5,281
1197,1444.0,1280.0,48
1198,1444.5,1280.0,168
1199,1445.0,1280.5,168
1200,1445.5,1280.5,130
1201,1446.0,1280.5,71
1202,1446.5,1280.5,2
1203,1446.0,1280.0,13
1204,1448.0,1280.0,10
1205,1451.5,1289.0,10
1206,1452.0,1289.5,1
1207,1452.5,1289.5,2
1208,1452.0,1289.0,58
1209,1452.5,1289.0,60
1210,1453.0,1289.5,91
1211,1453.0,1289.0,23
1212,1454.5,1289.5,3
1213,1454.5,1289.0,4
1214,1455.0,1289.5,55
1215,1455.5,1289.5,194
1216,1455.0,1289.0,73
1217,1456.0,1289.5,108
1218,1456.5,1289.5,13
1219,1457.0,1289.5,70
1220,1457.5,1289.5,80
1221,1457.0,1289.0,56
1222,1457.5,1289.0,14
1223,1458.0,1289.5,36
1224,1458.0,1289.0,2
1225,1459.5,1289.5,6
1226,1459.0,1289.0,3
1227,1459.5,1289.0,65
1228,1452.0,1288.5,26
1229,1452.5,1288.5,28
1230,1452.0,1288.0,11
1231,1452.5,1288.0,106
1232,1453.0,1288.5,34
1233,1453.0,1288.0,65
1234,1455.0,1288.5,10
1235,1456.5,1288.5,21
1236,1456.0,1288.0,66
1237,1456.5,1288.0,77
1238,1457.0,1288.5,23
1239,1457.0,1288.0,2
1240,1459.5,1288.5,15
1241,1451.5,1287.0,50
1242,1452.0,1287.5,35
1243,1452.5,1287.5,75
1244,1452.0,1287.0,21
1245,1452.5,1287.0,68
1246,1453.0,1287.5,17
1247,1453.0,1287.0,5
1248,1453.5,1287.0,15
1249,1454.0,1287.0,8
1250,1455.5,1287.5,11
1251,1456.0,1287.5,62
1252,1456.5,1287.5,18
1253,1456.0,1287.0,4
1254,1458.5,1287.0,23
1255,1459.5,1287.5,5
1256,1459.0,1287.0,14
1257,1459.5,1287.0,86
1258,1450.5,1286.0,12
1259,1451.5,1286.5,7
1260,1451.5,1286.0,9
1261,1452.0,1286.5,31
1262,1452.0,1286.0,1
1263,1453.0,1286.5,21
1264,1456.0,1286.5,8
1265,1458.5,1286.5,49
1266,1459.0,1286.5,500
1267,1459.5,1286.5,192
1268,1459.0,1286.0,170
1269,1459.5,1286.0,358
1270,1450.0,1285.5,26
1271,1451.0,1285.5,11
1272,1451.5,1285.5,85
1273,1451.5,1285.0,83
1274,1452.0,1285.0,48
1275,1454.5,1285.5,7
1276,1454.0,1285.0,34
1277,1454.5,1285.0,3
1278,1455.5,1285.5,5
1279,1455.5,1285.0,4
1280,1456.0,1285.0,4
1281,1457.5,1285.5,1
1282,1459.0,1285.5,144
1283,1459.5,1285.5,502
1284,1459.0,1285.0,295
1285,1459.5,1285.0,201
1286,1450.0,1284.5,33
1287,1450.5,1284.0,10
1288,1451.0,1284.5,2
1289,1451.5,1284.5,28
1290,1451.0,1284.0,8
1291,1451.5,1284.0,63
1292,1452.0,1284.5,18
1293,1452.5,1284.5,15
1294,1452.0,1284.0,25
1295,1453.5,1284.5,4
1296,1453.5,1284.0,4
1297,1454.0,1284.5,2
1298,1454.5,1284.5,4
1299,1454.5,1284.0,26
1300,1455.0,1284.5,3
1301,1455.5,1284.0,10
1302,1456.0,1284.0,13
1303,1456.5,1284.0,10
1304,1457.0,1284.5,2
1305,1457.5,1284.5,1
1306,1458.5,1284.5,62
1307,1458.5,1284.0,68
1308,1459.0,1284.5,251
1309,1459.5,1284.5,219
1310,1459.0,1284.0,147
1311,1459.5,1284.0,106
1312,1450.5,1283.5,8
1313,1451.0,1283.5,49
1314,1451.5,1283.5,97
1315,1451.0,1283.0,11
1316,1451.5,1283.0,76
1317,1452.0,1283.5,70
1318,1452.0,1283.0,9
1319,1453.5,1283.5,3
1320,1454.0,1283.0,2
1321,1454.5,1283.0,6
1322,1457.0,1283.0,28
1323,1457.5,1283.0,33
1324,1458.0,1283.0,4
1325,1458.5,1283.0,170
1326,1459.0,1283.5,82
1327,1459.5,1283.5,26
1328,1459.0,1283.0,126
1329,1459.5,1283.0,36
1330,1450.5,1282.0,3
1331,1451.0,1282.5,4
1332,1451.5,1282.5,107
1333,1451.0,1282.0,27
1334,1451.5,1282.0,19
1335,1452.0,1282.5,37
1336,1452.0,1282.0,9
1337,1454.5,1282.5,22
1338,1454.0,1282.0,33
1339,1455.5,1282.5,6
1340,1455.0,1282.0,25
1341,1456.5,1282.5,8
1342,1457.0,1282.5,32
1343,1457.0,1282.0,2
1344,1458.5,1282.5,5
1345,1459.0,1282.5,166
1346,1459.5,1282.5,43
1347,1459.5,1282.0,23
1348,1450.5,1281.0,18
1349,1451.0,1281.5,55
1350,1451.5,1281.5,84
1351,1451.0,1281.0,54
1352,1451.5,1281.0,107
1353,1452.0,1281.5,95
1354,1452.5,1281.5,6
1355,1452.0,1281.0,9
1356,1452.5,1281.0,3
1357,1453.0,1281.0,3
1358,1453.5,1281.0,30
1359,1454.0,1281.5,3
1360,1455.0,1281.5,41
1361,1455.5,1281.5,7
1362,1455.0,1281.0,17
1363,1455.5,1281.0,2
1364,1456.5,1281.0,5
1365,1457.0,1281.5,20
1366,1457.0,1281.0,110
1367,1459.5,1281.0,41
1368,1451.0,1280.5,44
1369,1451.5,1280.5,59
1370,1451.0,1280.0,18
1371,1451.5,1280.0,43
1372,1452.0,1280.5,6
1373,1453.0,1280.5,1
1374,1453.5,1280.5,69
1375,1453.0,1280.0,11
1376,1453.5,1280.0,57
1377,1456.5,1280.5,92
1378,1456.0,1280.0,7
1379,1456.5,1280.0,78
1380,1457.0,1280.0,15
1381,1457.5,1280.0,14
1382,1458.0,1280.0,21
1383,1458.5,1280.0,7
1384,1459.0,1280.5,25
1385,1459.5,1280.5,50
1386,1459.0,1280.0,22
1387,1459.5,1280.0,39
1388,1460.0,1289.5,96
1389,1460.5,1289.5,56
1390,1460.0,1289.0,106
1391,1460.5,1289.0,11
1392,1461.0,1289.0,17
1393,1462.5,1289.5,11
1394,1463.0,1289.5,36
1395,1463.5,1289.5,48
1396,1463.5,1289.0,53
1397,1464.0,1289.5,23
1398,1464.5,1289.5,17
1399,1464.0,1289.0,15
1400,1464.5,1289.0,38
1401,1465.0,1289.5,15
1402,1465.5,1289.5,6
1403,1465.0,1289.0,19
1404,1465.5,1289.0,5
1405,1466.0,1289.0,10
1406,1466.5,1289.0,40
1407,1467.0,1289.5,107
1408,1467.5,1289.5,43
1409,1467.0,1289.0,32
1410,1467.5,1289.0,32
1411,1468.0,1289.5,11
1412,1468.5,1289.0,3
1413,1469.0,1289.5,58
1414,1469.5,1289.5,29
1415,1469.0,1289.0,21
1416,1469.5,1289.0,16
1417,1460.0,1288.5,27
1418,1460.5,1288.5,55
1419,1460.0,1288.0,83
1420,1460.5,1288.0,47
1421,1461.0,1288.5,14
1422,1461.0,1288.0,37
1423,1463.0,1288.5,27
1424,1463.5,1288.5,59
1425,1463.0,1288.0,24
1426,1463.5,1288.0,21
1427,1464.0,1288.5,21
1428,1464.5,1288.5,59
1429,1464.0,1288.0,10
1430,1464.5,1288.0,28
1431,1465.0,1288.5,41
1432,1465.5,1288.5,49
1433,1465.0,1288.0,39
1434,1465.5,1288.0,17
1435,1466.0,1288.5,53
1436,1466.5,1288.5,50
1437,1466.0,1288.0,58
1438,1466.5,1288.0,50
1439,1467.0,1288.5,88
1440,1467.5,1288.5,61
1441,1467.0,1288.0,182
1442,1467.5,1288.0,136
1443,1468.0,1288.0,23
1444,1468.5,1288.0,37
1445,1469.5,1288.5,45
1446,1469.5,1288.0,42
1447,1460.0,1287.5,115
1448,1460.5,1287.5,79
1449,1460.0,1287.0,17
1450,1461.0,1287.5,2
1451,1462.5,1287.5,25
1452,1462.5,1287.0,44
1453,1463.0,1287.5,70
1454,1463.0,1287.0,51
1455,1463.5,1287.0,18
1456,1464.5,1287.5,4
1457,1464.0,1287.0,15
1458,1465.0,1287.0,1
1459,1465.5,1287.0,4
1460,1466.5,1287.5,42
1461,1466.0,1287.0,37
1462,1466.5,1287.0,25
1463,1467.0,1287.5,4
1464,1467.5,1287.5,17
1465,1467.0,1287.0,20
1466,1467.5,1287.0,54
1467,1468.0,1287.5,39
1468,1468.5,1287.5,51
1469,1468.0,1287.0,7
1470,1469.0,1287.5,2
1471,1460.0,1286.5,20
1472,1460.0,1286.0,58
1473,1460.5,1286.0,61
1474,1461.5,1286.5,14
1475,1461.0,1286.0,9
1476,1461.5,1286.0,51
1477,1462.0,1286.5,36
1478,1462.5,1286.5,24
1479,1462.0,1286.0,96
1480,1462.5,1286.0,173
1481,1463.0,1286.5,68
1482,1463.5,1286.5,37
1483,1463.0,1286.0,122
1484,1463.5,1286.0,74
1485,1464.0,1286.5,51
1486,1464.5,1286.5,32
1487,1464.0,1286.0,170
1488,1464.5,1286.0,456
1489,1465.0,1286.5,17
1490,1465.5,1286.5,6
1491,1465.0,1286.0,308
1492,1465.5,1286.0,117
1493,1466.0,1286.5,42
1494,1466.5,1286.5,28
1495,1466.0,1286.0,135
1496,1466.5,1286.0,36
1497,1467.0,1286.5,62
1498,1467.5,1286.5,43
1499,1467.0,1286.0,35
1500,1469.0,1286.5,2
1501,1469.0,1286.0,49
1502,1469.5,1286.0,17
1503,1460.0,1285.5,144
1504,1460.5,1285.5,21
1505,1460.0,1285.0,258
1506,1460.5,1285.0,72
1507,1461.0,1285.5,33
1508,1461.5,1285.5,73
1509,1461.0,1285.0,94
1510,1461.5,1285.0,13
1511,1462.0,1285.5,53
1512,1462.5,1285.5,17
1513,1462.0,1285.0,35
1514,1462.5,1285.0,2
1515,1463.0,1285.5,23
1516,1463.5,1285.5,11
1517,1463.5,1285.0,53
1518,1464.0,1285.5,158
1519,1464.5,1285.5,181
1520,1464.0,1285.0,38
1521,1464.5,1285.0,105
1522,1465.0,1285.5,216
1523,1465.5,1285.5,77
1524,1465.0,1285.0,137
1525,1465.5,1285.0,14
1526,1466.0,1285.5,43
1527,1466.5,1285.5,23
1528,1466.0,1285.0,22
1529,1466.5,1285.0,21
1530,1467.0,1285.0,27
1531,1467.5,1285.0,18
1532,1468.0,1285.5,20
1533,1468.5,1285.5,21
1534,1468.0,1285.0,59
1535,1468.5,1285.0,32
1536,1469.0,1285.5,16
1537,1469.5,1285.5,9
1538,1469.0,1285.0,81
1539,1469.5,1285.0,49
1540,1460.0,1284.5,47
1541,1460.5,1284.5,8
1542,1460.0,1284.0,27
1543,1460.5,1284.0,83
1544,1461.0,1284.5,99
1545,1461.5,1284.5,4
1546,1461.0,1284.0,58
1547,1462.0,1284.5,120
1548,1462.5,1284.5,50
1549,1462.0,1284.0,20
1550,1462.5,1284.0,34
1551,1463.0,1284.5,78
1552,1463.5,1284.5,12
1553,1464.0,1284.5,42
1554,1464.5,1284.5,73
1555,1464.0,1284.0,63
1556,1464.5,1284.0,136
1557,1465.0,1284.5,72
1558,1465.5,1284.5,50
1559,1465.0,1284.0,41
1560,1465.5,1284.0,91
1561,1466.0,1284.5,55
1562,1466.5,1284.5,9
1563,1466.0,1284.0,47
1564,1466.5,1284.0,25
1565,1467.0,1284.5,52
1566,1467.5,1284.5,33
1567,1467.0,1284.0,22
1568,1467.5,1284.0,57
1569,1468.0,1284.5,31
1570,1468.5,1284.5,14
1571,1468.0,1284.0,61
1572,1468.5,1284.0,19
1573,1469.0,1284.5,38
1574,1469.5,1284.5,26
1575,1469.0,1284.0,50
1576,1469.5,1284.0,144
1577,1460.0,1283.5,108
1578,1460.5,1283.5,86
1579,1460.0,1283.0,66
1580,1460.5,1283.0,40
1581,1461.0,1283.5,43
1582,1461.0,1283.0,2
1583,1462.5,1283.5,36
1584,1462.5,1283.0,1
1585,1463.0,1283.5,29
1586,1463.5,1283.5,49
1587,1463.0,1283.0,32
1588,1463.5,1283.0,51
1589,1464.0,1283.5,3
1590,1464.5,1283.5,44
1591,1464.5,1283.0,21
1592,1465.0,1283.5,118
1593,1465.5,1283.5,56
1594,1465.0,1283.0,40
1595,1465.5,1283.0,96
1596,1466.0,1283.5,16
1597,1466.5,1283.5,52
1598,1466.0,1283.0,84
1599,1466.5,1283.0,87
1600,1467.0,1283.5,13
1601,1467.5,1283.5,50
1602,1467.0,1283.0,12
1603,1467.5,1283.0,134
1604,1468.0,1283.5,56
1605,1468.5,1283.5,192
1606,1468.0,1283.0,112
1607,1468.5,1283.0,103
1608,1469.0,1283.5,155
1609,1469.5,1283.5,179
1610,1469.0,1283.0,33
1611,1469.5,1283.0,131
1612,1460.0,1282.5,4
1613,1462.0,1282.5,24
1614,1462.5,1282.5,63
1615,1462.0,1282.0,3
1616,1462.5,1282.0,7
1617,1463.0,1282.5,44
1618,1463.5,1282.5,78
1619,1463.5,1282.0,44
1620,1464.0,1282.5,12
1621,1464.5,1282.5,76
1622,1464.0,1282.0,76
1623,1464.5,1282.0,86
1624,1465.0,1282.5,5
1625,1465.5,1282.5,63
1626,1465.0,1282.0,52
1627,1465.5,1282.0,56
1628,1466.0,1282.5,89
1629,1466.5,1282.5,68
1630,1466.0,1282.0,27
1631,1466.5,1282.0,26
1632,1467.0,1282.5,6
1633,1467.5,1282.5,240
1634,1467.0,1282.0,59
1635,1467.5,1282.0,9
1636,1468.0,1282.5,14
1637,1468.5,1282.5,68
1638,1468.5,1282.0,95
1639,1469.0,1282.5,86
1640,1469.5,1282.5,60
1641,1469.0,1282.0,74
1642,1469.5,1282.0,128
1643,1460.5,1281.5,19
1644,1461.0,1281.0,4
1645,1462.5,1281.0,1
1646,1463.0,1281.5,4
1647,1463.0,1281.0,5
1648,1463.5,1281.0,10
1649,1464.5,1281.5,55
1650,1464.0,1281.0,50
1651,1464.5,1281.0,19
1652,1465.0,1281.5,14
1653,1465.5,1281.5,54
1654,1465.0,1281.0,63
1655,1465.5,1281.0,74
1656,1466.0,1281.5,43
1657,1466.5,1281.5,13
1658,1466.0,1281.0,22
1659,1466.5,1281.0,43
1660,1467.0,1281.5,41
1661,1467.5,1281.5,96
1662,1467.0,1281.0,35
1663,1467.5,1281.0,2
1664,1468.0,1281.5,13
1665,1468.5,1281.5,55
1666,1468.0,1281.0,37
1667,1468.5,1281.0,24
1668,1469.0,1281.5,103
1669,1469.5,1281.5,395
1670,1469.0,1281.0,128
1671,1469.5,1281.0,415
1672,1460.0,1280.0,2
1673,1461.0,1280.5,33
1674,1461.5,1280.5,22
1675,1461.5,1280.0,53
1676,1462.0,1280.0,69
1677,1463.0,1280.5,2
1678,1463.5,1280.5,3
1679,1463.0,1280.0,12
1680,1463.5,1280.0,8
1681,1464.0,1280.5,17
1682,1464.5,1280.5,48
1683,1464.5,1280.0,29
1684,1465.0,1280.5,71
1685,1465.5,1280.5,24
1686,1465.0,1280.0,9
1687,1465.5,1280.0,20
1688,1466.5,1280.5,54
1689,1466.0,1280.0,39
1690,1466.5,1280.0,48
1691,1467.0,1280.5,54
1692,1467.5,1280.5,55
1693,1467.0,1280.0,17
1694,1467.5,1280.0,23
1695,1468.0,1280.5,56
1696,1468.5,1280.5,37
1697,1468.0,1280.0,35
1698,1468.5,1280.0,10
1699,1469.0,1280.5,42
1700,1469.5,1280.5,68
1701,1469.0,1280.0,22
1702,1469.5,1280.0,80
1703,1470.0,1289.5,62
1704,1470.5,1289.5,479
1705,1470.0,1289.0,16
1706,1470.5,1289.0,199
1707,1471.0,1289.5,620
1708,1471.5,1289.5,900
1709,1471.0,1289.0,320
1710,1471.5,1289.0,535
1711,1472.0,1289.5,694
1712,1472.5,1289.5,14
1713,1472.0,1289.0,11
1714,1472.5,1289.0,5
1715,1470.0,1288.5,228
1716,1470.5,1288.5,327
1717,1470.0,1288.0,250
1718,1470.5,1288.0,250
1719,1471.0,1288.5,251
1720,1471.5,1288.5,358
1721,1471.0,1288.0,150
1722,1471.5,1288.0,174
1723,1470.0,1287.5,56
1724,1470.5,1287.5,55
1725,1470.0,1287.0,16
1726,1470.5,1287.0,9
1727,1471.0,1287.5,153
1728,1471.5,1287.5,252
1729,1471.0,1287.0,217
1730,1471.5,1287.0,143
1731,1470.5,1286.5,4
1732,1470.0,1286.0,33
1733,1470.5,1286.0,122
1734,1471.0,1286.5,94
1735,1471.5,1286.5,293
1736,1471.0,1286.0,250
1737,1471.5,1286.0,263
1738,1472.0,1286.5,11
1739,1472.0,1286.0,11
1740,1470.0,1285.5,6
1741,1470.5,1285.5,139
1742,1470.0,1285.0,36
1743,1470.5,1285.0,183
1744,1471.0,1285.5,180
1745,1471.5,1285.5,286
1746,1471.0,1285.0,176
1747,1471.5,1285.0,253
1748,1472.0,1285.5,52
1749,1472.0,1285.0,68
1750,1470.0,1284.5,43
1751,1470.5,1284.5,203
1752,1470.0,1284.0,171
1753,1470.5,1284.0,456
1754,1471.0,1284.5,612
1755,1471.5,1284.5,243
1756,1471.0,1284.0,415
1757,1471.5,1284.0,81
1758,1472.0,1284.5,23
1759,1472.0,1284.0,40
1760,1472.5,1284.0,21
1761,1470.0,1283.5,182
1762,1470.5,1283.5,67
1763,1470.0,1283.0,188
1764,1470.5,1283.0,108
1765,1471.0,1283.5,107
1766,1471.5,1283.5,43
1767,1471.0,1283.0,50
1768,1471.5,1283.0,1
1769,1472.0,1283.5,48
1770,1472.5,1283.5,93
1771,1472.0,1283.0,131
1772,1472.5,1283.0,62
1773,1473.0,1283.5,22
1774,1473.0,1283.0,44
1775,1470.0,1282.5,132
1776,1470.5,1282.5,191
1777,1470.0,1282.0,254
1778,1470.5,1282.0,132
1779,1471.0,1282.5,142
1780,1471.5,1282.5,97
1781,1471.0,1282.0,68
1782,1471.5,1282.0,186
1783,1472.0,1282.5,218
1784,1472.5,1282.5,92
1785,1472.0,1282.0,114
1786,1472.5,1282.0,38
1787,1470.0,1281.5,444
1788,1470.5,1281.5,400
1789,1470.0,1281.0,206
1790,1470.5,1281.0,29
1791,1471.0,1281.5,100
1792,1471.5,1281.5,80
1793,1471.0,1281.0,36
1794,1471.5,1281.0,158
1795,1472.0,1281.5,123
1796,1472.5,1281.5,16
1797,1472.0,1281.0,237
1798,1472.5,1281.0,9
1799,1470.0,1280.5,41
1800,1470.5,1280.5,43
1801,1470.0,1280.0,89
1802,1470.5,1280.0,13
1803,1471.0,1280.5,12
1804,1471.5,1280.5,204
1805,1471.0,1280.0,45
1806,1471.5,1280.0,55
1807,1472.0,1280.5,146
